[
{
   "event_name": "car_event1",
   "event_image_path": "res://resources/images/gui/event icons/car_event1.png",
   "min_pollution":250,
   "max_pollution":500,
   "min_sensibility":0,
   "max_sensibility":200,
   "citizens": 0,
   "money": 0,
   "wood": 0,
   "water": 0,
   "pollution": 40,
   "sensibility": -40,
   "type": "negative"
},
{
   "event_name": "meeting_event",
   "event_image_path": "res://resources/images/gui/event icons/meeting_event.png",
   "min_pollution":0,
   "max_pollution":250,
   "min_sensibility":200,
   "max_sensibility":500,
   "citizens": 0,
   "money": 0,
   "wood": 0,
   "water": 0,
   "pollution": 0,
   "sensibility": 40,
   "type": "positive"
},
{
   "event_name": "car_event2",
   "event_image_path": "res://resources/images/gui/event icons/car_event2.png",
   "min_pollution":0,
   "max_pollution":200,
   "min_sensibility":300,
   "max_sensibility":500,
   "citizens": 0,
   "money": 0,
   "wood": 0,
   "water": 0,
   "pollution": -35,
   "sensibility": 25,
   "type": "positive"
 },
{
   "event_name": "lose_citizens_event",
   "event_image_path": "res://resources/images/gui/event icons/lose_citizens_event.png",
   "min_pollution":300,
   "max_pollution":500,
   "min_sensibility":0,
   "max_sensibility":500,
   "citizens": -150,
   "money": 0,
   "wood": 0,
   "water": 0,
   "pollution": 0,
   "sensibility": 0,
   "type": "negative"
},
{
   "event_name": "volunteer_event2",
   "event_image_path": "res://resources/images/gui/event icons/volunteer_event2.png",
   "min_pollution":0,
   "max_pollution":500,
   "min_sensibility":0,
   "max_sensibility":500,
   "citizens": 0,
   "money": 0,
   "wood": 0,
   "water": 0,
   "pollution": -35,
   "sensibility": 20,
   "type": "positive"
},
{
   "event_name": "concert_event",
   "event_image_path": "res://resources/images/gui/event icons/concert_event.png",
   "min_pollution":250,
   "max_pollution":400,
   "min_sensibility":0,
   "max_sensibility":200,
   "citizens": 0,
   "money": 0,
   "wood": 0,
   "water": 0,
   "pollution": 35,
   "sensibility": -15,
   "type": "negative"
},
{
   "event_name": "volunteer_event1",
   "event_image_path": "res://resources/images/gui/event icons/volunteer_event1.png",
   "min_pollution":0,
   "max_pollution":500,
   "min_sensibility":0,
   "max_sensibility":500,
   "citizens": 0,
   "money": 0,
   "wood": 0,
   "water": 0,
   "pollution": -40,
   "sensibility": 30,
   "type": "positive"
},
{
   "event_name": "heating_event",
   "event_image_path": "res://resources/images/gui/event icons/heating_event.png",
   "min_pollution": 0,
   "max_pollution":500,
   "min_sensibility":0,
   "max_sensibility":200,
   "citizens": 0,
   "money": 0,
   "wood": -100,
   "water": 0,
   "pollution": 40,
   "sensibility": 0,
   "type": "negative"
},
{
   "event_name": "pesticides_event",
   "event_image_path": "res://resources/images/gui/event icons/pesticides_event.png",
   "min_pollution":300,
   "max_pollution":500,
   "min_sensibility":0,
   "max_sensibility":300,
   "citizens": 0,
   "money": 0,
   "wood": 0,
   "water": 0,
   "pollution": 35,
   "sensibility": 0,
   "type": "negative"
},
{
   "event_name": "clothes_event",
   "event_image_path": "res://resources/images/gui/event icons/clothes_event.png",
   "min_pollution":0,
   "max_pollution":500,
   "min_sensibility":0,
   "max_sensibility":200,
   "citizens": 0,
   "money": 0,
   "wood": 0,
   "water": -400,
   "pollution": 20,
   "sensibility": 0,
   "type": "negative"
},
{
   "event_name": "school_event",
   "event_image_path": "res://resources/images/gui/event icons/school_event.png",
   "min_pollution":0,
   "max_pollution":500,
   "min_sensibility":0,
   "max_sensibility":500,
   "citizens": 0,
   "money": 0,
   "wood": 0,
   "water": 0,
   "pollution": 0,
   "sensibility": 30,
   "type": "positive"
},
{
   "event_name": "building_event",
   "event_image_path": "res://resources/images/gui/event icons/building_event.png",
   "min_pollution": 250,
   "max_pollution": 500,
   "min_sensibility": 0,
   "max_sensibility": 200,
   "citizens": 0,
   "money": 0,
   "wood": 0,
   "water": 0,
   "pollution": 50,
   "sensibility": -30,
   "type": "negative"
},
{
   "event_name": "new_citizens_event",
   "event_image_path": "res://resources/images/gui/event icons/new_citizens_event.png",
   "min_pollution":0,
   "max_pollution":150,
   "min_sensibility":300,
   "max_sensibility":500,
   "citizens": 150,
   "money": 0,
   "wood": 0,
   "water": 0,
   "pollution": 0,
   "sensibility": 0,
   "type": "positive"
},
{
   "event_name": "water_event",
   "event_image_path": "res://resources/images/gui/event icons/water_event.png",
   "min_pollution":0,
   "max_pollution": 500,
   "min_sensibility": 0,
   "max_sensibility": 200,
   "citizens": 0,
   "money": 0,
   "wood": 0,
   "water": -300,
   "pollution": 0,
   "sensibility": -20,
   "type": "negative"
 },
{
   "event_name": "wood_event",
   "event_image_path": "res://resources/images/gui/event icons/wood_event.png",
   "min_pollution":0,
   "max_pollution":500,
   "min_sensibility":0,
   "max_sensibility":200,
   "citizens": 0,
   "money": 0,
   "wood": 250,
   "water": 0,
   "pollution": 50,
   "sensibility": -50,
   "type": "negative"
 },
{
   "event_name": "money_event",
   "event_image_path": "res://resources/images/gui/event icons/money_event.png",
   "min_pollution": 0,
   "max_pollution": 200,
   "min_sensibility": 350,
   "max_sensibility": 500,
   "citizens": 0,
   "money": 1500,
   "wood": 0,
   "water": 0,
   "pollution": 0,
   "sensibility": 0,
   "type": "positive"
 }
]
